Model,Train MSE,Train MAE,Train R2,Test MSE,Test MAE,Test R2
CatBoost,0.24933714939338283,0.3338267163970088,0.7494832219852454,0.28452014296528366,0.35276230125467134,0.7206775361753905
