Model,Train MSE,Train R2,Test MSE,Test R2
Decision Tree,0.3214768422129909,0.6770022320641265,0.41106183593140705,0.5964475358405896
