Model,Train MSE,Train MAE,Train R2,Test MSE,Test MAE,Test R2
Lasso Regression,0.7641051424646322,0.6013235354467887,0.2322798314633142,0.7872340107934954,0.6084505153850555,0.2271473604306502
