Model,Train MSE,Train MAE,Train R2,Test MSE,Test MAE,Test R2
LightGBM,0.25037366897972235,0.3347926847940165,0.748441798564184,0.2846875233325708,0.35405551239939537,0.7205132135509913
